20424	N4	69_S31_L001	A	G
20424	N13	N15	A	G
177662	N27	N29	T	C
177662	N196	Zhang671812	T	C
371800	N122	Zhang671879	T	C
371800	N340	Casali027462	T	C
468627	N103	N109	C	T
468627	N166	Casali234584	C	T
703346	N370	Casali229997	G	C
703346	N425	Casali234568	G	C
760307	N2	115_S36_L001	T	C
760307	N305	Casali234661	T	C
858233	N7	11251-09	T	C
858233	N347	Casali108479	T	C
916844	N79	Zhang671791	C	T
916844	N89	4_S13_L001	C	T
1060083	N19	Zhang671877	G	A
1060083	N59	104_S11_L001	G	A
1228670	N2	115_S36_L001	T	C
1228670	N32	Zhang671823	T	C
1327344	N284	Casali019562	G	A
1327344	N325	Casali067600	G	A
1352836	N7	11251-09	G	A
1352836	N212	Casali108433	G	A
1491547	N20	Zhang671783	T	C
1491547	N318	N319	T	C
1810262	N21	6844-06	A	G
1810262	N336	Casali067610	A	G
2037356	N16	8380-11	T	C
2037356	N361	Casali234664	T	C
2695105	N20	N21	T	C
2695105	N276	N278	T	C
2738392	N59	N60	A	G
2738392	N61	Zhang671724	A	G
2835698	N92	N93	C	T
2835698	N233	N234	C	T
3135742	N3	88_S69_L001	C	T
3135742	N80	Zhang671802	C	T
3193993	N41	N42	A	G
3193993	N80	96_S34_L001	A	G
3689065	N28	Zhang671795	T	C
3689065	N342	N343	T	C
3691070	N58	8662-05	T	C
3691070	N90	Casali158605	T	C
3919699	N126	Zhang671796	C	T
3919699	N212	Casali108433	C	T
3985749	N1	N2	G	A
3985749	N374	N375	G	A
