13595	N22	42_S88_L001	T	C
13595	N298	Casali228045	T	C
26105	N371	Malawi245765	T	C
26105	N494	N495	T	C
74587	N44	N47	T	C
74587	N161	Casali133863	T	C
220625	N6	N7	T	C
220625	N54	Malawi245721	T	C
343350	N8	Malawi245662	G	C
343350	N14	Karonga212178	G	C
347447	N158	N159	G	A
347447	N309	N311	G	A
380764	N62	N65	T	C
380764	N225	N226	T	C
438008	N156	3075-05	T	G
438008	N320	Casali067682	T	G
438456	N14	Karonga212178	A	G
438456	N417	Karonga212085	A	G
559293	N230	Karonga126632	C	T
559293	N245	Casali229941	C	T
578690	N32	Karonga212105	A	G
578690	N329	Casali133807	A	G
586322	N225	N226	T	G
586322	N325	Karonga181942	T	G
592326	N403	Karonga221565	C	T
592326	N468	Karonga176563	C	T
599011	N8	Malawi245662	A	G
599011	N87	4203-01	A	G
634972	N8	Karonga181778	T	C
634972	N27	N29	T	C
652313	N1	N2	T	C
652313	N355	Karonga212021	T	C
669723	N116	Zhang671879	G	A
669723	N435	N436	G	A
800076	N31	Karonga161133	T	C
800076	N320	Casali067682	T	C
812055	N234	N238	T	G
812055	N342	Malawi037541	T	G
813264	N76	7750-01	G	C
813264	N78	74_S91_L001	G	C
817332	N30	N31	A	G
817332	N85	N86	A	G
822272	N309	N311	A	C
822272	N323	Casali234625	A	C
823395	N26	73_S79_L001	T	C
823395	N202	Casali228043	T	C
866135	N94	N95	G	A
866135	N223	N224	G	A
896187	N40	N41	G	T
896187	N323	Casali234625	G	T
928562	N6	N11	T	C
928562	N91	77_S32_L001	T	C
929839	N3	ERR234266	A	C
929839	N401	N402	A	C
934161	N300	Casali019872	C	T
934161	N394	N395	C	T
934683	N85	N87	A	G
934683	N300	Casali019872	A	G
966457	N73	N74	G	C
966457	N302	N303	G	C
973243	N13	N17	A	G
973243	N42	ERR234169	A	G
997077	N46	Karonga190377	T	C
997077	N415	Karonga176501	T	C
1036062	N44	N45	T	C
1036062	N285	Casali067657	T	C
1052729	N4	ERR234224	A	G
1052729	N475	Karonga176607	A	G
1147061	N24	25889	T	C
1147061	N73	N74	T	C
1161979	N74	N75	T	C
1161979	N452	Karonga164001	T	C
1225045	N21	N22	T	C
1225045	N298	Casali228045	T	C
1275613	N1	N73	G	A
1275613	N388	N390	A	G
1302632	N78	7253-02	T	C
1302632	N171	Casali067590	T	C
1379384	N35	N36	T	C
1379384	N68	N69	T	C
1383291	N1	N2	A	G
1383291	N37	N38	G	A
1384005	N156	N157	T	C
1384005	N482	Karonga176500	T	C
1406281	N9	Karonga126607	A	G
1406281	N225	Casali133833	A	G
1463335	N333	Casali133893	T	C
1463335	N351	N352	T	C
1529436	N80	7461-10	A	G
1529436	N156	3075-05	A	G
1537082	N300	Casali019872	T	C
1537082	N305	N306	T	C
1537919	N8	Karonga181778	T	C
1537919	N340	Zhang671790	T	C
1642238	N231	Karonga176589	A	G
1642238	N341	N342	A	G
1642587	N5	N20	A	G
1642587	N285	Casali067657	A	G
1712738	N1	N2	T	C
1712738	N490	N491	T	C
1734411	N35	N36	A	G
1734411	N65	N66	A	G
1793091	N16	Karonga176564	G	A
1793091	N24	25889	G	A
1809353	N183	N184	A	G
1809353	N420	Malawi037474	A	G
1907356	N97	Casali108470	T	C
1907356	N340	Zhang671790	T	C
1965602	N279	N280	A	G
1965602	N302	N304	A	G
1977063	N157	Casali133856	T	C
1977063	N343	Casali228067	T	C
2082972	N1	N73	G	A
2082972	N323	Casali108460	A	G
2183637	N14	N15	A	G
2183637	N279	N297	A	G
2194498	N178	Casali234690	A	G
2194498	N408	N409	A	G
2239963	N178	Casali234690	T	C
2239963	N238	N239	T	C
2273709	N248	N249	T	C
2273709	N341	N343	T	C
2283884	N78	7253-02	A	G
2283884	N306	Karonga182051	A	G
2320681	N298	Casali228045	T	C
2320681	N372	Karonga181786	T	C
2387680	N11	N12	T	G
2387680	N116	Zhang671879	T	G
2479884	N47	Karonga176747	A	G
2479884	N326	Casali228023	A	G
2699510	N1	N2	G	A
2699510	N51	N52	A	G
2717616	N54	Malawi245721	A	G
2717616	N291	N292	A	G
2732962	N355	N356	G	A
2732962	N464	N465	G	A
2749063	N97	Casali108470	T	C
2749063	N395	Karonga181876	T	C
2853905	N281	N282	C	T
2853905	N302	N303	C	T
2879604	N243	28_S51_L001	A	G
2879604	N329	Casali067579	A	G
2957416	N5	N20	T	C
2957416	N80	Zhang671813	T	C
2972537	N35	SRR1175036	T	C
2972537	N35	N36	T	C
2985992	N50	Karonga161063	T	G
2985992	N352	Karonga221555	T	G
3005821	N339	N348	G	A
3005821	N382	Karonga164008	A	G
3048633	N2	N3	A	G
3048633	N283	Casali133978	A	G
3051398	N1	N2	C	T
3051398	N25	94_S22_L001	T	C
3059587	N183	N184	T	C
3059587	N451	Karonga161016	T	C
3115860	N132	3684-08	T	C
3115860	N240	Karonga176805	T	C
3131064	N35	N36	T	C
3131064	N281	N282	T	C
3255567	N46	Karonga190377	C	T
3255567	N119	Zhang671821	C	T
3255832	N1	N73	G	A
3255832	N225	Casali133833	A	G
3286668	N21	N30	T	C
3286668	N61	Malawi037536	T	C
3305855	N42	ERR234169	A	G
3305855	N341	N342	A	G
3320490	N40	N41	A	G
3320490	N323	Casali108460	A	G
3343894	N249	Casali067617	T	C
3343894	N288	Casali067753	T	C
3368034	N161	Casali133863	T	C
3368034	N300	N301	T	C
3379676	N331	Casali047886	C	T
3379676	N476	Karonga182000	C	T
3420945	N11	ERR233380	T	G
3420945	N45	N46	T	G
3431252	N43	ERR233374	T	C
3431252	N44	N45	T	C
3481256	N2	N3	A	G
3481256	N9	N10	A	G
3485155	N46	Karonga190377	T	C
3485155	N401	N402	T	C
3487288	N343	Casali228067	G	C
3487288	N413	Karonga212040	G	C
3518456	N21	N22	G	C
3518456	N64	Karonga176677	G	C
3535877	N21	N30	G	A
3535877	N318	Karonga212036	G	A
3578325	N8	Malawi245662	C	T
3578325	N231	Karonga176589	C	T
3629849	N140	N142	A	G
3629849	N339	N348	A	G
3679592	N57	N58	A	G
3679592	N97	Casali108470	A	G
3691808	N24	25889	A	G
3691808	N282	Casali229919	A	G
3746052	N24	107_S47_L001	T	G
3746052	N44	N47	T	G
3746656	N43	Karonga163954	A	G
3746656	N223	N224	A	G
3794296	N31	Karonga161133	T	C
3794296	N100	Zhang671826	T	C
3799225	N319	N321	T	C
3799225	N380	Karonga176521	T	C
3816956	N42	ERR234169	G	A
3816956	N78	7253-02	G	A
3872061	N9	Karonga126607	A	G
3872061	N231	N232	A	G
3892392	N341	N343	A	G
3892392	N350	Karonga216908	A	G
3963349	N35	SRR1175036	A	G
3963349	N341	N342	A	G
3967399	N225	Casali133833	A	G
3967399	N477	N478	A	G
4020143	N73	N74	T	G
4020143	N300	N301	T	G
