37498	N44	2009-08	T	C
37498	N420	Casali108433	T	C
70971	N1	N5	G	A
70971	N466	Casali234652	A	G
251055	N26	N27	C	T
251055	N45	N46	C	T
514003	N27	N28	A	G
514003	N190	5250-07	A	G
617337	N1	N2	A	G
617337	N84	N85	A	G
794049	N195	8073-07	G	A
794049	N385	N386	G	A
833191	N55	Zhang671809	A	G
833191	N479	Casali067610	A	G
865380	N535	N536	A	G
865380	N625	Casali228022	A	G
982694	N41	3435-06	A	G
982694	N934	Casali108473	A	G
986478	N49	Zhang671871	A	G
986478	N55	N56	A	G
1011930	N45	N46	A	C
1011930	N555	Casali230005	A	C
1061466	N172	Casali067655	A	G
1061466	N560	N561	A	G
1224394	N40	4950-04	C	A
1224394	N153	Casali017789	C	A
1315959	N423	Casali027459	G	A
1315959	N737	Casali144590	G	A
1334438	N203	Zhang671785	T	C
1334438	N232	N233	T	C
1371465	N46	3936-02	G	A
1371465	N172	Zhang671719	G	A
1434226	N40	N41	A	G
1434226	N201	3454-10	A	G
1561448	N4	69_S31_L001	A	G
1561448	N195	8073-07	A	G
1890845	N208	105_S23_L001	G	C
1890845	N533	Casali234663	G	C
2015869	N96	Zhang671724	A	G
2015869	N133	N134	A	G
2185546	N93	Zhang671792	T	C
2185546	N664	N665	T	C
2233654	N63	20_S3_L001	T	C
2233654	N69	8372-95	T	C
2273348	N46	Zhang671818	G	A
2273348	N172	Casali067655	G	A
2315480	N15	7253-02	C	T
2315480	N458	Casali067600	C	T
3076239	N58	N59	A	G
3076239	N637	N638	A	G
3093906	N60	103_S94_L001	C	A
3093906	N153	11_S61_L001	C	A
3152109	N89	Zhang671723	A	G
3152109	N719	Casali227978	A	G
3271978	N27	N28	T	C
3271978	N385	N386	T	C
3291848	N43	Zhang671789	T	C
3291848	N342	Casali234630	T	C
3337703	N90	N91	T	G
3337703	N164	59_S18_L001	T	G
3622123	N25	7424-07	A	G
3622123	N203	Zhang671785	A	G
3709021	N56	Zhang671823	T	G
3709021	N665	Casali144572	T	G
3717090	N97	N104	G	C
3717090	N662	N663	G	C
3750914	N155	5569-09	C	A
3750914	N745	Casali229961	C	A
3890865	N1	N2	G	A
3890865	N159	Zhang671802	G	A
3918987	N160	3015-05	C	T
3918987	N170	Zhang671794	C	T
3973794	N187	Casali158609	C	G
3973794	N420	Casali108433	C	G
