114605	N40	02MTB0841_S58_L001	A	G
114605	N51	02MTB1587	A	G
313220	N139	N140	C	T
313220	N210	02MTB1499	C	T
400903	N19	02MTB1665	T	C
400903	N245	02MTB1551	T	C
521314	N65	02MTB0376_S146_L002	A	G
521314	N276	N278	A	G
794385	N60	N61	C	T
794385	N320	N321	C	T
1179006	N371	02MTB0468_S191_L002	T	C
1179006	N399	N400	T	C
1206389	N48	N90	G	T
1206389	N255	02MTB0241_S13_L001	T	G
1262795	N51	02MTB1587	A	G
1262795	N96	02MTB1107	A	G
1498774	N4	N5	T	C
1498774	N306	N307	T	C
1708514	N110	N111	A	G
1708514	N246	N247	A	G
2032973	N46	02MTB1402	G	A
2032973	N294	02MTB1571	G	A
2152518	N249	02MTB1851	A	G
2152518	N263	N264	A	G
2168598	N73	02MTB0511_S4_L001	A	G
2168598	N119	N123	A	G
2230522	N58	N59	T	C
2230522	N182	02MTB0605_S97_L002	T	C
2346100	N38	02MTB1946	A	G
2346100	N237	N238	A	G
2387362	N260	N261	T	C
2387362	N370	N371	T	C
2401216	N8	02MTB1438	A	G
2401216	N26	02MTB0800_S55_L001	A	G
2791151	N16	02MTB0337_S46_L001	C	T
2791151	N173	N174	C	T
3140696	N31	02MTB1589	C	T
3140696	N41	N42	C	T
3420441	N34	02MTB1161	A	G
3420441	N249	02MTB1851	A	G
3437319	N348	02MTB1909	G	A
3437319	N402	02MTB1790	G	A
3503212	N125	02MTB1366	C	G
3503212	N165	02MTB0341_S94_L001	C	G
3586427	N305	02MTB1672	A	G
3586427	N341	N342	A	G
