14928	N267	02MTB1553	C	A
14928	N564	02MTB1844	C	A
41801	N77	N78	A	G
41801	N174	02MTB1307	A	G
49722	N14	02MTB2014	C	T
49722	N121	02MTB1431	C	T
84938	N529	02MTB1807	A	G
84938	N783	N784	A	G
126541	N411	N412	A	G
126541	N682	N683	A	G
170033	N325	N327	T	C
170033	N524	02MTB1394	T	C
227348	N50	N75	G	T
227348	N704	N705	T	G
260626	N422	02MTB1626	T	C
260626	N487	02MTB1370	T	C
323280	N311	02MTB1706	T	C
323280	N570	02MTB0474_S144_L002	T	C
390581	N132	N133	T	C
390581	N473	02MTB1653	T	C
477859	N76	02MTB0766_S16_L001	A	G
477859	N559	02MTB0952_S152_L002	A	G
487822	N94	N95	T	C
487822	N541	N545	T	C
502566	N34	02MTB0861_S48_L001	A	G
502566	N166	N167	A	G
618340	N57	N59	G	T
618340	N196	02MTB1330	G	T
620773	N326	02MTB1568	A	G
620773	N443	N445	A	G
659676	N583	02MTB1382	G	A
659676	N780	02MTB1469	G	A
683569	N239	02MTB1944	A	G
683569	N317	02MTB0872_S145_L002	A	G
729171	N97	02MTB0752_S3_L001	T	C
729171	N689	02MTB1594	T	C
753840	N194	02MTB1082	T	C
753840	N422	02MTB1626	T	C
798125	N37	02MTB1622	C	T
798125	N795	02MTB2099	C	T
840111	N78	02MTB0382_S111_L002	G	T
840111	N89	02MTB0799_S43_L001	G	T
862618	N557	02MTB1190	A	G
862618	N743	02MTB1032	A	G
891692	N185	02MTB1224	T	C
891692	N774	N775	T	C
910119	N679	02MTB1116	T	C
910119	N702	02MTB1053	T	C
983318	N6	02MTB1449	T	C
983318	N317	02MTB0872_S145_L002	T	C
992704	N205	N221	T	C
992704	N388	02MTB0656_S173_L002	T	C
1026343	N384	N385	A	G
1026343	N707	02MTB0319	A	G
1043402	N23	02MTB0337_S46_L001	T	C
1043402	N78	02MTB0382_S111_L002	T	C
1200918	N1	N2	T	C
1200918	N241	02MTB0652_S137_L002	T	C
1250611	N284	02MTB1206	T	C
1250611	N326	02MTB1568	T	C
1284357	N14	02MTB1523	T	C
1284357	N204	02MTB1510	T	C
1308640	N37	02MTB1622	G	T
1308640	N106	N107	G	T
1356374	N374	02MTB1023	A	G
1356374	N566	02MTB0939_S127_L002	A	G
1421321	N17	N18	C	T
1421321	N105	02MTB0856_S95_L001	C	T
1477153	N13	N15	T	C
1477153	N485	N498	T	C
1522806	N203	N204	T	C
1522806	N561	N564	T	C
1587723	N597	N598	G	A
1587723	N692	N693	G	A
1618510	N266	N267	G	C
1618510	N620	02MTB1278	G	C
1665945	N18	02MTB1925	C	T
1665945	N23	02MTB0337_S46_L001	C	T
1801095	N185	N186	A	G
1801095	N613	N615	A	G
1832364	N131	02MTB1089	A	G
1832364	N767	02MTB1085	A	G
1884339	N18	02MTB1925	T	C
1884339	N676	02MTB0390_S100_L002	T	C
1927399	N9	02MTB0777_S17_L001	T	C
1927399	N487	02MTB1370	T	C
2003870	N44	02MTB1196	A	G
2003870	N487	02MTB1370	A	G
2190279	N274	02MTB1446	A	G
2190279	N636	N637	A	G
2198883	N4	N7	A	G
2198883	N122	N127	A	G
2203487	N178	02MTB1107	A	T
2203487	N599	02MTB0956_S188_L002	A	T
2332285	N395	02MTB0453_S154_L002	C	T
2332285	N498	N499	C	T
2366587	N166	02MTB1503	T	C
2366587	N691	02MTB0643_S160_L002	T	C
2371654	N25	02MTB0137_S158_L002	G	A
2371654	N268	N269	G	A
2406727	N1	N50	C	T
2406727	N276	02MTB0663_S138_L002	T	C
2460183	N69	N70	A	G
2460183	N146	02MTB1611	A	G
2489151	N11	02MTB1558	A	G
2489151	N301	N303	A	G
2499559	N556	N557	T	C
2499559	N682	N683	T	C
2696290	N116	N118	T	C
2696290	N195	02MTB0680	T	C
2726718	N97	02MTB1758	T	C
2726718	N516	02MTB1848	T	C
2727796	N382	02MTB0311_S20_L001	T	G
2727796	N681	02MTB0927_S102_L002	T	G
2788016	N334	02MTB0980_S119_L002	T	C
2788016	N428	N429	T	C
2965418	N34	02MTB0861_S48_L001	T	G
2965418	N232	02MTB0671_S139_L002	T	G
3006685	N198	02MTB1433	G	A
3006685	N631	02MTB0937_S103_L002	G	A
3073540	N94	N95	A	C
3073540	N682	N683	A	C
3204659	N115	02MTB0846_S11_L001	C	T
3204659	N268	N269	C	T
3566947	N69	02MTB1372	T	C
3566947	N178	02MTB1107	T	C
3572819	N275	N278	A	G
3572819	N314	02MTB1381	A	G
3585720	N57	N59	T	C
3585720	N110	02MTB0826_S45_L001	T	C
3772266	N69	02MTB1372	A	C
3772266	N696	02MTB1608	A	C
3873228	N114	02MTB0376_S146_L002	C	T
3873228	N206	N207	C	T
3904328	N10	02MTB1438	G	A
3904328	N89	02MTB0799_S43_L001	G	A
3909016	N1	N2	G	A
3909016	N375	02MTB2076	G	A
